시군구,읍면동,요일,요일별출동횟수,요일별도착시간
군위군,군위읍,금요일,1,6
군위군,군위읍,목요일,2,2
군위군,군위읍,수요일,2,5.5
군위군,군위읍,월요일,4,4
군위군,군위읍,일요일,4,5
군위군,군위읍,토요일,1,3
군위군,군위읍,화요일,2,1.5
군위군,부계면,금요일,1,5
군위군,부계면,목요일,0,
군위군,부계면,수요일,1,1
군위군,부계면,월요일,2,2.5
군위군,부계면,일요일,1,5
군위군,부계면,토요일,3,9
군위군,부계면,화요일,1,1
군위군,산성면,금요일,0,
군위군,산성면,목요일,0,
군위군,산성면,수요일,0,
군위군,산성면,월요일,0,
군위군,산성면,일요일,0,
군위군,산성면,토요일,0,
군위군,산성면,화요일,1,4
군위군,삼국유사면,금요일,0,
군위군,삼국유사면,목요일,1,9
군위군,삼국유사면,수요일,0,
군위군,삼국유사면,월요일,0,
군위군,삼국유사면,일요일,0,
군위군,삼국유사면,토요일,0,
군위군,삼국유사면,화요일,2,25.5
군위군,소보면,금요일,0,
군위군,소보면,목요일,0,
군위군,소보면,수요일,0,
군위군,소보면,월요일,2,3
군위군,소보면,일요일,2,6
군위군,소보면,토요일,1,17
군위군,소보면,화요일,2,13.5
군위군,우보면,금요일,2,9.5
군위군,우보면,목요일,1,5
군위군,우보면,수요일,1,6
군위군,우보면,월요일,2,8
군위군,우보면,일요일,1,12
군위군,우보면,토요일,1,11
군위군,우보면,화요일,1,3
군위군,의흥면,금요일,0,
군위군,의흥면,목요일,1,0
군위군,의흥면,수요일,0,
군위군,의흥면,월요일,0,
군위군,의흥면,일요일,1,8
군위군,의흥면,토요일,0,
군위군,의흥면,화요일,1,4
군위군,효령면,금요일,1,0
군위군,효령면,목요일,3,2
군위군,효령면,수요일,0,
군위군,효령면,월요일,1,6
군위군,효령면,일요일,1,3
군위군,효령면,토요일,0,
군위군,효령면,화요일,1,6
남구,대명10동,금요일,0,1.5
남구,대명10동,목요일,0,0.5
남구,대명10동,수요일,0,0.5
남구,대명10동,월요일,0,0.5
남구,대명10동,일요일,0,0
남구,대명10동,토요일,0,0
남구,대명10동,화요일,0,1
남구,대명11동,금요일,0,1.5
남구,대명11동,목요일,0,0.5
남구,대명11동,수요일,0,0.5
남구,대명11동,월요일,0,0.5
남구,대명11동,일요일,0,0
남구,대명11동,토요일,0,0
남구,대명11동,화요일,0,1
남구,대명1동,금요일,0,1.5
남구,대명1동,목요일,0,0.5
남구,대명1동,수요일,0,0.5
남구,대명1동,월요일,0,0.5
남구,대명1동,일요일,0,0
남구,대명1동,토요일,0,0
남구,대명1동,화요일,0,1
남구,대명2동,금요일,0,1.5
남구,대명2동,목요일,1,0.5
남구,대명2동,수요일,1,0.5
남구,대명2동,월요일,1,0.5
남구,대명2동,일요일,0,0
남구,대명2동,토요일,0,0
남구,대명2동,화요일,1,1
남구,대명3동,금요일,0,1.5
남구,대명3동,목요일,0,0.5
남구,대명3동,수요일,0,0.5
남구,대명3동,월요일,0,0.5
남구,대명3동,일요일,0,0
남구,대명3동,토요일,0,0
남구,대명3동,화요일,0,1
남구,대명4동,금요일,0,1.5
남구,대명4동,목요일,0,0.5
남구,대명4동,수요일,0,0.5
남구,대명4동,월요일,0,0.5
남구,대명4동,일요일,0,0
남구,대명4동,토요일,0,0
남구,대명4동,화요일,0,1
남구,대명5동,금요일,0,1.5
남구,대명5동,목요일,0,0.5
남구,대명5동,수요일,0,0.5
남구,대명5동,월요일,0,0.5
남구,대명5동,일요일,0,0
남구,대명5동,토요일,0,0
남구,대명5동,화요일,0,1
남구,대명6동,금요일,0,1.5
남구,대명6동,목요일,0,0.5
남구,대명6동,수요일,1,0.5
남구,대명6동,월요일,0,0.5
남구,대명6동,일요일,0,0
남구,대명6동,토요일,0,0
남구,대명6동,화요일,0,1
남구,대명9동,금요일,4,1.5
남구,대명9동,목요일,4,0.5
남구,대명9동,수요일,8,0.5
남구,대명9동,월요일,6,0.5
남구,대명9동,일요일,5,0
남구,대명9동,토요일,5,0
남구,대명9동,화요일,6,1
남구,봉덕1동,금요일,0,0
남구,봉덕1동,목요일,0,3
남구,봉덕1동,수요일,0,
남구,봉덕1동,월요일,0,
남구,봉덕1동,일요일,0,1
남구,봉덕1동,토요일,0,1
남구,봉덕1동,화요일,0,1
남구,봉덕2동,금요일,1,0
남구,봉덕2동,목요일,0,3
남구,봉덕2동,수요일,0,
남구,봉덕2동,월요일,0,
남구,봉덕2동,일요일,1,1
남구,봉덕2동,토요일,0,1
남구,봉덕2동,화요일,0,1
남구,봉덕3동,금요일,1,0
남구,봉덕3동,목요일,1,3
남구,봉덕3동,수요일,0,
남구,봉덕3동,월요일,0,
남구,봉덕3동,일요일,2,1
남구,봉덕3동,토요일,1,1
남구,봉덕3동,화요일,2,1
남구,이천동,금요일,0,
남구,이천동,목요일,0,
남구,이천동,수요일,0,
남구,이천동,월요일,1,0
남구,이천동,일요일,0,
남구,이천동,토요일,0,
남구,이천동,화요일,0,0
달서구,감삼동,금요일,1,2
달서구,감삼동,목요일,1,0
달서구,감삼동,수요일,0,
달서구,감삼동,월요일,3,0
달서구,감삼동,일요일,0,
달서구,감삼동,토요일,1,0
달서구,감삼동,화요일,0,
달서구,도원동,금요일,0,
달서구,도원동,목요일,2,0.5
달서구,도원동,수요일,2,0
달서구,도원동,월요일,0,
달서구,도원동,일요일,1,3
달서구,도원동,토요일,1,0
달서구,도원동,화요일,0,
달서구,두류1·2동,금요일,2,0.5
달서구,두류1·2동,목요일,0,
달서구,두류1·2동,수요일,0,
달서구,두류1·2동,월요일,1,4
달서구,두류1·2동,일요일,2,0.5
달서구,두류1·2동,토요일,2,0.5
달서구,두류1·2동,화요일,2,5
달서구,두류3동,금요일,0,0.5
달서구,두류3동,목요일,0,
달서구,두류3동,수요일,0,
달서구,두류3동,월요일,0,4
달서구,두류3동,일요일,0,0.5
달서구,두류3동,토요일,1,0.5
달서구,두류3동,화요일,0,5
달서구,본동,금요일,1,0
달서구,본동,목요일,0,
달서구,본동,수요일,0,
달서구,본동,월요일,0,
달서구,본동,일요일,0,
달서구,본동,토요일,0,
달서구,본동,화요일,0,1
달서구,본리동,금요일,0,
달서구,본리동,목요일,0,
달서구,본리동,수요일,1,0
달서구,본리동,월요일,0,
달서구,본리동,일요일,0,
달서구,본리동,토요일,1,0
달서구,본리동,화요일,0,
달서구,상인1동,금요일,0,
달서구,상인1동,목요일,4,1
달서구,상인1동,수요일,1,16
달서구,상인1동,월요일,2,0.5
달서구,상인1동,일요일,0,
달서구,상인1동,토요일,0,
달서구,상인1동,화요일,4,0
달서구,상인2동,금요일,0,
달서구,상인2동,목요일,0,1
달서구,상인2동,수요일,0,16
달서구,상인2동,월요일,0,0.5
달서구,상인2동,일요일,0,
달서구,상인2동,토요일,0,
달서구,상인2동,화요일,0,0
달서구,상인3동,금요일,0,
달서구,상인3동,목요일,0,1
달서구,상인3동,수요일,0,16
달서구,상인3동,월요일,0,0.5
달서구,상인3동,일요일,0,
달서구,상인3동,토요일,0,
달서구,상인3동,화요일,0,0
달서구,성당동,금요일,2,1.5
달서구,성당동,목요일,0,
달서구,성당동,수요일,2,0
달서구,성당동,월요일,0,
달서구,성당동,일요일,1,0
달서구,성당동,토요일,2,0
달서구,성당동,화요일,0,
달서구,송현1동,금요일,1,0
달서구,송현1동,목요일,0,0
달서구,송현1동,수요일,0,0
달서구,송현1동,월요일,0,1
달서구,송현1동,일요일,0,1
달서구,송현1동,토요일,1,0
달서구,송현1동,화요일,0,0
달서구,송현2동,금요일,2,0
달서구,송현2동,목요일,3,0
달서구,송현2동,수요일,2,0
달서구,송현2동,월요일,2,1
달서구,송현2동,일요일,2,1
달서구,송현2동,토요일,3,0
달서구,송현2동,화요일,2,0.5
달서구,신당동,금요일,4,0
달서구,신당동,목요일,6,0.5
달서구,신당동,수요일,7,0
달서구,신당동,월요일,4,0.5
달서구,신당동,일요일,6,1
달서구,신당동,토요일,4,0.5
달서구,신당동,화요일,6,1
달서구,용산1동,금요일,1,0
달서구,용산1동,목요일,1,0
달서구,용산1동,수요일,3,1
달서구,용산1동,월요일,3,0
달서구,용산1동,일요일,1,0
달서구,용산1동,토요일,2,0.5
달서구,용산1동,화요일,3,1
달서구,용산2동,금요일,0,0
달서구,용산2동,목요일,0,0
달서구,용산2동,수요일,0,1
달서구,용산2동,월요일,2,0
달서구,용산2동,일요일,0,0
달서구,용산2동,토요일,2,0.5
달서구,용산2동,화요일,0,1
달서구,월성1동,금요일,3,0
달서구,월성1동,목요일,6,1
달서구,월성1동,수요일,1,12
달서구,월성1동,월요일,6,1
달서구,월성1동,일요일,3,0
달서구,월성1동,토요일,5,0
달서구,월성1동,화요일,6,0.5
달서구,월성2동,금요일,0,0
달서구,월성2동,목요일,0,1
달서구,월성2동,수요일,0,12
달서구,월성2동,월요일,0,1
달서구,월성2동,일요일,0,0
달서구,월성2동,토요일,1,0
달서구,월성2동,화요일,0,0.5
달서구,유천동,금요일,0,0
달서구,유천동,목요일,1,1
달서구,유천동,수요일,0,12
달서구,유천동,월요일,1,1
달서구,유천동,일요일,0,0
달서구,유천동,토요일,2,0
달서구,유천동,화요일,0,0.5
달서구,이곡1동,금요일,0,1
달서구,이곡1동,목요일,2,0
달서구,이곡1동,수요일,1,0
달서구,이곡1동,월요일,1,0
달서구,이곡1동,일요일,2,0.5
달서구,이곡1동,토요일,4,0
달서구,이곡1동,화요일,2,0
달서구,이곡2동,금요일,0,1
달서구,이곡2동,목요일,0,0
달서구,이곡2동,수요일,0,0
달서구,이곡2동,월요일,0,0
달서구,이곡2동,일요일,0,0.5
달서구,이곡2동,토요일,0,0
달서구,이곡2동,화요일,1,0
달서구,장기동,금요일,1,1
달서구,장기동,목요일,3,0.5
달서구,장기동,수요일,0,
달서구,장기동,월요일,0,0
달서구,장기동,일요일,0,
달서구,장기동,토요일,0,0.5
달서구,장기동,화요일,0,1
달서구,죽전동,금요일,0,2
달서구,죽전동,목요일,0,0
달서구,죽전동,수요일,1,0
달서구,죽전동,월요일,0,0
달서구,죽전동,일요일,0,
달서구,죽전동,토요일,2,0
달서구,죽전동,화요일,0,
달서구,진천동,금요일,2,1
달서구,진천동,목요일,0,
달서구,진천동,수요일,1,1
달서구,진천동,월요일,1,2
달서구,진천동,일요일,4,0
달서구,진천동,토요일,2,0.5
달서구,진천동,화요일,4,1
달성군,가창면,금요일,1,3
달성군,가창면,목요일,2,6
달성군,가창면,수요일,1,2
달성군,가창면,월요일,1,1
달성군,가창면,일요일,3,3
달성군,가창면,토요일,0,
달성군,가창면,화요일,0,
달성군,구지면,금요일,4,1
달성군,구지면,목요일,3,2
달성군,구지면,수요일,4,1
달성군,구지면,월요일,4,1
달성군,구지면,일요일,0,
달성군,구지면,토요일,3,2
달성군,구지면,화요일,2,1.5
달성군,논공읍,금요일,2,0
달성군,논공읍,목요일,5,3
달성군,논공읍,수요일,2,1.5
달성군,논공읍,월요일,6,2
달성군,논공읍,일요일,4,3
달성군,논공읍,토요일,3,2
달성군,논공읍,화요일,8,2
달성군,다사읍,금요일,2,0.5
달성군,다사읍,목요일,5,1
달성군,다사읍,수요일,5,2.5
달성군,다사읍,월요일,4,1
달성군,다사읍,일요일,3,1
달성군,다사읍,토요일,7,1
달성군,다사읍,화요일,5,2
달성군,옥포읍,금요일,5,4
달성군,옥포읍,목요일,5,4
달성군,옥포읍,수요일,3,0.5
달성군,옥포읍,월요일,3,6.5
달성군,옥포읍,일요일,4,3
달성군,옥포읍,토요일,2,1.5
달성군,옥포읍,화요일,3,3
달성군,유가읍,금요일,3,0
달성군,유가읍,목요일,2,2.5
달성군,유가읍,수요일,3,3
달성군,유가읍,월요일,3,1.5
달성군,유가읍,일요일,1,1
달성군,유가읍,토요일,1,0
달성군,유가읍,화요일,3,2
달성군,하빈면,금요일,0,
달성군,하빈면,목요일,2,2.5
달성군,하빈면,수요일,5,6
달성군,하빈면,월요일,3,3
달성군,하빈면,일요일,0,
달성군,하빈면,토요일,3,4.5
달성군,하빈면,화요일,0,
달성군,현풍읍,금요일,3,0.5
달성군,현풍읍,목요일,4,1
달성군,현풍읍,수요일,2,1.5
달성군,현풍읍,월요일,3,1
달성군,현풍읍,일요일,0,
달성군,현풍읍,토요일,4,1.5
달성군,현풍읍,화요일,2,4
달성군,화원읍,금요일,1,2
달성군,화원읍,목요일,1,0
달성군,화원읍,수요일,2,0
달성군,화원읍,월요일,4,1
달성군,화원읍,일요일,0,
달성군,화원읍,토요일,3,0
달성군,화원읍,화요일,0,
동구,공산동,금요일,0,
동구,공산동,목요일,2,0.5
동구,공산동,수요일,2,7
동구,공산동,월요일,2,9.5
동구,공산동,일요일,1,2
동구,공산동,토요일,2,11.5
동구,공산동,화요일,3,8
동구,도평동,금요일,0,
동구,도평동,목요일,2,8
동구,도평동,수요일,0,
동구,도평동,월요일,0,
동구,도평동,일요일,1,6
동구,도평동,토요일,0,
동구,도평동,화요일,2,2
동구,동촌동,금요일,1,1
동구,동촌동,목요일,1,0
동구,동촌동,수요일,1,1
동구,동촌동,월요일,2,0.5
동구,동촌동,일요일,1,0
동구,동촌동,토요일,1,0
동구,동촌동,화요일,0,
동구,방촌동,금요일,1,0
동구,방촌동,목요일,0,
동구,방촌동,수요일,3,1
동구,방촌동,월요일,0,
동구,방촌동,일요일,1,0
동구,방촌동,토요일,1,3
동구,방촌동,화요일,0,
동구,불로봉무동,금요일,1,12
동구,불로봉무동,목요일,3,1
동구,불로봉무동,수요일,2,0.5
동구,불로봉무동,월요일,1,1
동구,불로봉무동,일요일,3,1
동구,불로봉무동,토요일,3,0
동구,불로봉무동,화요일,2,0
동구,신암1동,금요일,0,0
동구,신암1동,목요일,0,0
동구,신암1동,수요일,0,0
동구,신암1동,월요일,0,
동구,신암1동,일요일,0,0
동구,신암1동,토요일,0,0
동구,신암1동,화요일,0,1
동구,신암2동,금요일,0,0
동구,신암2동,목요일,0,0
동구,신암2동,수요일,0,0
동구,신암2동,월요일,0,
동구,신암2동,일요일,0,0
동구,신암2동,토요일,0,0
동구,신암2동,화요일,0,1
동구,신암3동,금요일,0,0
동구,신암3동,목요일,0,0
동구,신암3동,수요일,0,0
동구,신암3동,월요일,0,
동구,신암3동,일요일,0,0
동구,신암3동,토요일,0,0
동구,신암3동,화요일,0,1
동구,신암4동,금요일,2,0
동구,신암4동,목요일,3,0
동구,신암4동,수요일,5,0
동구,신암4동,월요일,0,
동구,신암4동,일요일,4,0
동구,신암4동,토요일,1,0
동구,신암4동,화요일,3,1
동구,신암5동,금요일,0,0
동구,신암5동,목요일,0,0
동구,신암5동,수요일,0,0
동구,신암5동,월요일,0,
동구,신암5동,일요일,0,0
동구,신암5동,토요일,0,0
동구,신암5동,화요일,0,1
동구,신천1·2동,금요일,0,
동구,신천1·2동,목요일,0,0
동구,신천1·2동,수요일,0,0
동구,신천1·2동,월요일,0,
동구,신천1·2동,일요일,0,0
동구,신천1·2동,토요일,0,
동구,신천1·2동,화요일,0,0
동구,신천3동,금요일,0,
동구,신천3동,목요일,0,0
동구,신천3동,수요일,1,0
동구,신천3동,월요일,0,
동구,신천3동,일요일,0,0
동구,신천3동,토요일,0,
동구,신천3동,화요일,0,0
동구,신천4동,금요일,0,
동구,신천4동,목요일,0,0
동구,신천4동,수요일,0,0
동구,신천4동,월요일,0,
동구,신천4동,일요일,0,0
동구,신천4동,토요일,0,
동구,신천4동,화요일,0,0
동구,안심1동,금요일,1,0
동구,안심1동,목요일,2,0
동구,안심1동,수요일,1,3
동구,안심1동,월요일,2,1.5
동구,안심1동,일요일,2,0.5
동구,안심1동,토요일,1,1
동구,안심1동,화요일,0,
동구,안심2동,금요일,1,26
동구,안심2동,목요일,2,16.5
동구,안심2동,수요일,2,3
동구,안심2동,월요일,1,1
동구,안심2동,일요일,0,
동구,안심2동,토요일,3,3
동구,안심2동,화요일,1,3
동구,안심3동,금요일,0,
동구,안심3동,목요일,2,1.5
동구,안심3동,수요일,2,2.5
동구,안심3동,월요일,3,0
동구,안심3동,일요일,2,1
동구,안심3동,토요일,1,0
동구,안심3동,화요일,1,1
동구,안심4동,금요일,1,0
동구,안심4동,목요일,0,2
동구,안심4동,수요일,0,
동구,안심4동,월요일,1,0
동구,안심4동,일요일,1,0
동구,안심4동,토요일,2,0
동구,안심4동,화요일,0,
동구,지저동,금요일,0,12
동구,지저동,목요일,1,0.5
동구,지저동,수요일,0,1
동구,지저동,월요일,0,1
동구,지저동,일요일,0,1
동구,지저동,토요일,0,0
동구,지저동,화요일,0,
동구,해안동,금요일,1,2
동구,해안동,목요일,2,7
동구,해안동,수요일,1,2.5
동구,해안동,월요일,0,
동구,해안동,일요일,1,0
동구,해안동,토요일,0,3
동구,해안동,화요일,1,6
동구,혁신동,금요일,0,0
동구,혁신동,목요일,0,
동구,혁신동,수요일,0,2
동구,혁신동,월요일,0,0
동구,혁신동,일요일,0,1
동구,혁신동,토요일,0,0
동구,혁신동,화요일,0,1
동구,효목1동,금요일,0,
동구,효목1동,목요일,0,
동구,효목1동,수요일,0,0
동구,효목1동,월요일,0,0
동구,효목1동,일요일,0,0
동구,효목1동,토요일,0,0
동구,효목1동,화요일,0,0
동구,효목2동,금요일,0,
동구,효목2동,목요일,0,
동구,효목2동,수요일,1,0
동구,효목2동,월요일,1,0
동구,효목2동,일요일,1,0
동구,효목2동,토요일,1,0
동구,효목2동,화요일,3,0
북구,검단동,금요일,1,0
북구,검단동,목요일,2,1
북구,검단동,수요일,1,2
북구,검단동,월요일,0,
북구,검단동,일요일,0,
북구,검단동,토요일,0,
북구,검단동,화요일,3,4
북구,고성동,금요일,1,0
북구,고성동,목요일,0,
북구,고성동,수요일,0,
북구,고성동,월요일,1,0
북구,고성동,일요일,0,
북구,고성동,토요일,1,1
북구,고성동,화요일,1,0
북구,관문동,금요일,2,0
북구,관문동,목요일,3,3
북구,관문동,수요일,0,
북구,관문동,월요일,2,0.5
북구,관문동,일요일,0,
북구,관문동,토요일,1,0
북구,관문동,화요일,1,0
북구,관음동,금요일,1,0
북구,관음동,목요일,2,1
북구,관음동,수요일,0,
북구,관음동,월요일,2,0.5
북구,관음동,일요일,1,1
북구,관음동,토요일,0,
북구,관음동,화요일,1,0
북구,구암동,금요일,1,0
북구,구암동,목요일,3,1
북구,구암동,수요일,0,
북구,구암동,월요일,0,
북구,구암동,일요일,3,0
북구,구암동,토요일,0,
북구,구암동,화요일,2,0
북구,국우동,금요일,3,0
북구,국우동,목요일,3,1
북구,국우동,수요일,2,2
북구,국우동,월요일,3,0
북구,국우동,일요일,1,1
북구,국우동,토요일,3,0
북구,국우동,화요일,1,1
북구,노원동,금요일,2,0
북구,노원동,목요일,0,
북구,노원동,수요일,2,1.5
북구,노원동,월요일,2,0
북구,노원동,일요일,4,0
북구,노원동,토요일,8,0
북구,노원동,화요일,4,0.5
북구,대현동,금요일,0,
북구,대현동,목요일,2,0
북구,대현동,수요일,0,
북구,대현동,월요일,0,
북구,대현동,일요일,1,1
북구,대현동,토요일,0,
북구,대현동,화요일,2,0
북구,동천동,금요일,0,
북구,동천동,목요일,1,0
북구,동천동,수요일,1,0
북구,동천동,월요일,1,0
북구,동천동,일요일,1,0
북구,동천동,토요일,0,
북구,동천동,화요일,0,
북구,무태조야동,금요일,1,3
북구,무태조야동,목요일,4,2
북구,무태조야동,수요일,1,0
북구,무태조야동,월요일,2,0
북구,무태조야동,일요일,2,2.5
북구,무태조야동,토요일,1,0
북구,무태조야동,화요일,2,0.5
북구,복현1동,금요일,2,0
북구,복현1동,목요일,1,0
북구,복현1동,수요일,2,0
북구,복현1동,월요일,2,2.5
북구,복현1동,일요일,0,
북구,복현1동,토요일,1,2
북구,복현1동,화요일,1,0
북구,복현2동,금요일,1,0
북구,복현2동,목요일,0,0
북구,복현2동,수요일,1,0
북구,복현2동,월요일,0,2.5
북구,복현2동,일요일,0,
북구,복현2동,토요일,0,2
북구,복현2동,화요일,0,0
북구,산격1동,금요일,2,0.5
북구,산격1동,목요일,4,1.5
북구,산격1동,수요일,5,1
북구,산격1동,월요일,3,1
북구,산격1동,일요일,2,1
북구,산격1동,토요일,3,3
북구,산격1동,화요일,2,0
북구,산격2동,금요일,1,0.5
북구,산격2동,목요일,0,1.5
북구,산격2동,수요일,0,1
북구,산격2동,월요일,0,1
북구,산격2동,일요일,1,1
북구,산격2동,토요일,0,3
북구,산격2동,화요일,0,0
북구,산격3동,금요일,0,0.5
북구,산격3동,목요일,0,1.5
북구,산격3동,수요일,0,1
북구,산격3동,월요일,0,1
북구,산격3동,일요일,0,1
북구,산격3동,토요일,0,3
북구,산격3동,화요일,0,0
북구,산격4동,금요일,0,0.5
북구,산격4동,목요일,0,1.5
북구,산격4동,수요일,0,1
북구,산격4동,월요일,0,1
북구,산격4동,일요일,0,1
북구,산격4동,토요일,0,3
북구,산격4동,화요일,0,0
북구,읍내동,금요일,0,
북구,읍내동,목요일,1,2
북구,읍내동,수요일,1,0
북구,읍내동,월요일,0,
북구,읍내동,일요일,1,1
북구,읍내동,토요일,4,1
북구,읍내동,화요일,1,0
북구,칠성동,금요일,0,
북구,칠성동,목요일,0,
북구,칠성동,수요일,1,0
북구,칠성동,월요일,0,
북구,칠성동,일요일,3,0
북구,칠성동,토요일,0,
북구,칠성동,화요일,1,1
북구,침산1동,금요일,0,0
북구,침산1동,목요일,0,1
북구,침산1동,수요일,0,
북구,침산1동,월요일,0,1
북구,침산1동,일요일,0,0
북구,침산1동,토요일,0,1
북구,침산1동,화요일,0,
북구,침산2동,금요일,0,0
북구,침산2동,목요일,0,1
북구,침산2동,수요일,0,
북구,침산2동,월요일,0,1
북구,침산2동,일요일,0,0
북구,침산2동,토요일,0,1
북구,침산2동,화요일,0,
북구,침산3동,금요일,2,0
북구,침산3동,목요일,1,1
북구,침산3동,수요일,0,
북구,침산3동,월요일,5,1
북구,침산3동,일요일,1,0
북구,침산3동,토요일,1,1
북구,침산3동,화요일,0,
북구,태전1동,금요일,0,0.5
북구,태전1동,목요일,1,0
북구,태전1동,수요일,0,
북구,태전1동,월요일,0,0
북구,태전1동,일요일,1,0
북구,태전1동,토요일,0,0
북구,태전1동,화요일,3,0
북구,태전2동,금요일,2,0.5
북구,태전2동,목요일,2,0
북구,태전2동,수요일,0,
북구,태전2동,월요일,1,0
북구,태전2동,일요일,3,0
북구,태전2동,토요일,2,0
북구,태전2동,화요일,4,0
서구,내당1동,금요일,0,1
서구,내당1동,목요일,0,
서구,내당1동,수요일,0,0
서구,내당1동,월요일,0,0
서구,내당1동,일요일,0,0.5
서구,내당1동,토요일,1,0
서구,내당1동,화요일,0,0
서구,내당2·3동,금요일,0,1
서구,내당2·3동,목요일,0,
서구,내당2·3동,수요일,0,0
서구,내당2·3동,월요일,0,0
서구,내당2·3동,일요일,0,0.5
서구,내당2·3동,토요일,0,0
서구,내당2·3동,화요일,0,0
서구,내당4동,금요일,3,1
서구,내당4동,목요일,0,
서구,내당4동,수요일,2,0
서구,내당4동,월요일,5,0
서구,내당4동,일요일,2,0.5
서구,내당4동,토요일,2,0
서구,내당4동,화요일,1,0
서구,비산1동,금요일,0,0
서구,비산1동,목요일,0,0
서구,비산1동,수요일,0,0
서구,비산1동,월요일,0,1
서구,비산1동,일요일,1,0
서구,비산1동,토요일,0,0
서구,비산1동,화요일,1,0
서구,비산2·3동,금요일,0,0
서구,비산2·3동,목요일,0,0
서구,비산2·3동,수요일,0,0
서구,비산2·3동,월요일,0,1
서구,비산2·3동,일요일,0,0
서구,비산2·3동,토요일,0,0
서구,비산2·3동,화요일,0,0
서구,비산4동,금요일,2,0
서구,비산4동,목요일,6,0
서구,비산4동,수요일,3,0
서구,비산4동,월요일,4,1
서구,비산4동,일요일,1,0
서구,비산4동,토요일,3,0
서구,비산4동,화요일,3,0
서구,비산5동,금요일,0,0
서구,비산5동,목요일,0,0
서구,비산5동,수요일,0,0
서구,비산5동,월요일,0,1
서구,비산5동,일요일,0,0
서구,비산5동,토요일,0,0
서구,비산5동,화요일,0,0
서구,비산6동,금요일,0,0
서구,비산6동,목요일,0,0
서구,비산6동,수요일,0,0
서구,비산6동,월요일,0,1
서구,비산6동,일요일,0,0
서구,비산6동,토요일,0,0
서구,비산6동,화요일,0,0
서구,비산7동,금요일,0,0
서구,비산7동,목요일,2,0
서구,비산7동,수요일,0,0
서구,비산7동,월요일,0,1
서구,비산7동,일요일,1,0
서구,비산7동,토요일,0,0
서구,비산7동,화요일,1,0
서구,상중이동,금요일,5,1.5
서구,상중이동,목요일,6,0
서구,상중이동,수요일,5,0
서구,상중이동,월요일,6,1
서구,상중이동,일요일,2,0.5
서구,상중이동,토요일,1,3
서구,상중이동,화요일,2,0
서구,원대동,금요일,0,
서구,원대동,목요일,0,
서구,원대동,수요일,1,0
서구,원대동,월요일,0,
서구,원대동,일요일,1,1
서구,원대동,토요일,1,0
서구,원대동,화요일,0,
서구,평리1동,금요일,0,0
서구,평리1동,목요일,0,0
서구,평리1동,수요일,0,3
서구,평리1동,월요일,0,0
서구,평리1동,일요일,0,0
서구,평리1동,토요일,0,0
서구,평리1동,화요일,0,0.5
서구,평리2동,금요일,0,0
서구,평리2동,목요일,0,0
서구,평리2동,수요일,0,3
서구,평리2동,월요일,0,0
서구,평리2동,일요일,0,0
서구,평리2동,토요일,0,0
서구,평리2동,화요일,0,0.5
서구,평리3동,금요일,0,0
서구,평리3동,목요일,1,0
서구,평리3동,수요일,0,3
서구,평리3동,월요일,0,0
서구,평리3동,일요일,0,0
서구,평리3동,토요일,1,0
서구,평리3동,화요일,2,0.5
서구,평리4동,금요일,3,0
서구,평리4동,목요일,3,0
서구,평리4동,수요일,1,3
서구,평리4동,월요일,5,0
서구,평리4동,일요일,3,0
서구,평리4동,토요일,2,0
서구,평리4동,화요일,4,0.5
서구,평리5동,금요일,0,0
서구,평리5동,목요일,0,0
서구,평리5동,수요일,0,3
서구,평리5동,월요일,0,0
서구,평리5동,일요일,0,0
서구,평리5동,토요일,0,0
서구,평리5동,화요일,0,0.5
서구,평리6동,금요일,0,0
서구,평리6동,목요일,0,0
서구,평리6동,수요일,0,3
서구,평리6동,월요일,0,0
서구,평리6동,일요일,0,0
서구,평리6동,토요일,0,0
서구,평리6동,화요일,0,0.5
수성구,고산1동,금요일,1,0
수성구,고산1동,목요일,0,
수성구,고산1동,수요일,1,0
수성구,고산1동,월요일,2,1
수성구,고산1동,일요일,0,
수성구,고산1동,토요일,2,0
수성구,고산1동,화요일,2,0.5
수성구,고산2동,금요일,1,1
수성구,고산2동,목요일,1,2
수성구,고산2동,수요일,3,4
수성구,고산2동,월요일,3,3
수성구,고산2동,일요일,2,1.5
수성구,고산2동,토요일,0,
수성구,고산2동,화요일,1,0
수성구,고산3동,금요일,2,0
수성구,고산3동,목요일,0,
수성구,고산3동,수요일,0,0
수성구,고산3동,월요일,0,0
수성구,고산3동,일요일,1,3
수성구,고산3동,토요일,1,0
수성구,고산3동,화요일,2,0
수성구,두산동,금요일,0,
수성구,두산동,목요일,1,1
수성구,두산동,수요일,1,1
수성구,두산동,월요일,0,
수성구,두산동,일요일,1,0
수성구,두산동,토요일,2,0
수성구,두산동,화요일,1,1
수성구,만촌1동,금요일,0,0
수성구,만촌1동,목요일,0,0
수성구,만촌1동,수요일,0,2
수성구,만촌1동,월요일,0,0
수성구,만촌1동,일요일,0,0
수성구,만촌1동,토요일,1,0
수성구,만촌1동,화요일,0,0
수성구,만촌2동,금요일,0,0
수성구,만촌2동,목요일,0,0
수성구,만촌2동,수요일,0,2
수성구,만촌2동,월요일,0,0
수성구,만촌2동,일요일,0,0
수성구,만촌2동,토요일,1,0
수성구,만촌2동,화요일,0,0
수성구,만촌3동,금요일,1,0
수성구,만촌3동,목요일,1,0
수성구,만촌3동,수요일,1,2
수성구,만촌3동,월요일,2,0
수성구,만촌3동,일요일,1,0
수성구,만촌3동,토요일,1,0
수성구,만촌3동,화요일,3,0
수성구,범물1동,금요일,0,0
수성구,범물1동,목요일,0,
수성구,범물1동,수요일,0,0
수성구,범물1동,월요일,0,1
수성구,범물1동,일요일,0,
수성구,범물1동,토요일,0,0
수성구,범물1동,화요일,0,0
수성구,범물2동,금요일,1,0
수성구,범물2동,목요일,0,
수성구,범물2동,수요일,2,0
수성구,범물2동,월요일,2,1
수성구,범물2동,일요일,0,
수성구,범물2동,토요일,1,0
수성구,범물2동,화요일,1,0
수성구,범어1동,금요일,2,1
수성구,범어1동,목요일,1,1
수성구,범어1동,수요일,3,0
수성구,범어1동,월요일,3,1
수성구,범어1동,일요일,1,0
수성구,범어1동,토요일,2,0.5
수성구,범어1동,화요일,2,0.5
수성구,범어2동,금요일,0,1
수성구,범어2동,목요일,0,1
수성구,범어2동,수요일,0,0
수성구,범어2동,월요일,0,1
수성구,범어2동,일요일,0,0
수성구,범어2동,토요일,0,0.5
수성구,범어2동,화요일,0,0.5
수성구,범어3동,금요일,0,1
수성구,범어3동,목요일,0,1
수성구,범어3동,수요일,0,0
수성구,범어3동,월요일,0,1
수성구,범어3동,일요일,0,0
수성구,범어3동,토요일,0,0.5
수성구,범어3동,화요일,0,0.5
수성구,범어4동,금요일,1,1
수성구,범어4동,목요일,0,1
수성구,범어4동,수요일,1,0
수성구,범어4동,월요일,0,1
수성구,범어4동,일요일,0,0
수성구,범어4동,토요일,0,0.5
수성구,범어4동,화요일,0,0.5
수성구,상동,금요일,0,
수성구,상동,목요일,0,
수성구,상동,수요일,0,
수성구,상동,월요일,0,
수성구,상동,일요일,1,0
수성구,상동,토요일,1,0
수성구,상동,화요일,0,
수성구,수성1가동,금요일,0,
수성구,수성1가동,목요일,0,
수성구,수성1가동,수요일,0,
수성구,수성1가동,월요일,0,
수성구,수성1가동,일요일,0,
수성구,수성1가동,토요일,0,
수성구,수성1가동,화요일,2,1.5
수성구,수성2·3가동,금요일,0,
수성구,수성2·3가동,목요일,0,
수성구,수성2·3가동,수요일,0,
수성구,수성2·3가동,월요일,0,
수성구,수성2·3가동,일요일,2,0.5
수성구,수성2·3가동,토요일,0,
수성구,수성2·3가동,화요일,0,
수성구,수성4가동,금요일,1,1
수성구,수성4가동,목요일,0,
수성구,수성4가동,수요일,0,
수성구,수성4가동,월요일,0,
수성구,수성4가동,일요일,0,
수성구,수성4가동,토요일,0,
수성구,수성4가동,화요일,1,0
수성구,중동,금요일,0,
수성구,중동,목요일,1,0
수성구,중동,수요일,0,
수성구,중동,월요일,0,
수성구,중동,일요일,0,
수성구,중동,토요일,0,
수성구,중동,화요일,1,0
수성구,지산1동,금요일,0,
수성구,지산1동,목요일,0,
수성구,지산1동,수요일,2,1.5
수성구,지산1동,월요일,3,1
수성구,지산1동,일요일,0,
수성구,지산1동,토요일,2,1
수성구,지산1동,화요일,0,
수성구,지산2동,금요일,0,
수성구,지산2동,목요일,0,
수성구,지산2동,수요일,0,1.5
수성구,지산2동,월요일,0,1
수성구,지산2동,일요일,0,
수성구,지산2동,토요일,0,1
수성구,지산2동,화요일,0,
수성구,파동,금요일,0,
수성구,파동,목요일,0,
수성구,파동,수요일,0,
수성구,파동,월요일,0,
수성구,파동,일요일,0,
수성구,파동,토요일,0,
수성구,파동,화요일,0,
수성구,황금1동,금요일,1,1
수성구,황금1동,목요일,0,
수성구,황금1동,수요일,2,3.5
수성구,황금1동,월요일,3,1
수성구,황금1동,일요일,1,1
수성구,황금1동,토요일,0,
수성구,황금1동,화요일,0,
수성구,황금2동,금요일,0,1
수성구,황금2동,목요일,0,
수성구,황금2동,수요일,1,3.5
수성구,황금2동,월요일,1,1
수성구,황금2동,일요일,0,1
수성구,황금2동,토요일,0,
수성구,황금2동,화요일,0,
중구,남산1동,금요일,0,0
중구,남산1동,목요일,0,
중구,남산1동,수요일,0,0
중구,남산1동,월요일,0,
중구,남산1동,일요일,0,
중구,남산1동,토요일,0,0
중구,남산1동,화요일,0,
중구,남산2동,금요일,0,0
중구,남산2동,목요일,0,
중구,남산2동,수요일,1,0
중구,남산2동,월요일,0,
중구,남산2동,일요일,0,
중구,남산2동,토요일,0,0
중구,남산2동,화요일,0,
중구,남산3동,금요일,0,0
중구,남산3동,목요일,0,
중구,남산3동,수요일,1,0
중구,남산3동,월요일,0,
중구,남산3동,일요일,0,
중구,남산3동,토요일,0,0
중구,남산3동,화요일,0,
중구,남산4동,금요일,1,0
중구,남산4동,목요일,0,
중구,남산4동,수요일,2,0
중구,남산4동,월요일,0,
중구,남산4동,일요일,0,
중구,남산4동,토요일,1,0
중구,남산4동,화요일,0,
중구,대봉1동,금요일,0,
중구,대봉1동,목요일,0,
중구,대봉1동,수요일,0,
중구,대봉1동,월요일,1,1
중구,대봉1동,일요일,1,0
중구,대봉1동,토요일,0,
중구,대봉1동,화요일,0,
중구,대봉2동,금요일,0,
중구,대봉2동,목요일,0,
중구,대봉2동,수요일,0,
중구,대봉2동,월요일,0,1
중구,대봉2동,일요일,0,0
중구,대봉2동,토요일,0,
중구,대봉2동,화요일,0,
중구,대신동,금요일,0,
중구,대신동,목요일,0,
중구,대신동,수요일,0,
중구,대신동,월요일,1,1
중구,대신동,일요일,0,
중구,대신동,토요일,1,0
중구,대신동,화요일,0,
중구,동인동,금요일,1,0
중구,동인동,목요일,2,0.5
중구,동인동,수요일,0,
중구,동인동,월요일,1,0
중구,동인동,일요일,1,2
중구,동인동,토요일,3,0
중구,동인동,화요일,1,0
중구,삼덕동,금요일,0,
중구,삼덕동,목요일,1,0
중구,삼덕동,수요일,3,1
중구,삼덕동,월요일,1,1.5
중구,삼덕동,일요일,0,1
중구,삼덕동,토요일,1,0
중구,삼덕동,화요일,1,0
중구,성내1동,금요일,1,0.5
중구,성내1동,목요일,1,0
중구,성내1동,수요일,1,1
중구,성내1동,월요일,2,0
중구,성내1동,일요일,6,0
중구,성내1동,토요일,2,0
중구,성내1동,화요일,1,0.5
중구,성내2동,금요일,2,0
중구,성내2동,목요일,2,0
중구,성내2동,수요일,2,0
중구,성내2동,월요일,1,0
중구,성내2동,일요일,1,0
중구,성내2동,토요일,1,1
중구,성내2동,화요일,1,0.5
중구,성내3동,금요일,1,0
중구,성내3동,목요일,2,0
중구,성내3동,수요일,2,0
중구,성내3동,월요일,0,
중구,성내3동,일요일,2,0
중구,성내3동,토요일,1,0
중구,성내3동,화요일,1,0
